{
    "(1, 7)": {
        "(0.1, 0.9)": 66.75343322753906,
        "(0.2, 0.8)": 68.7669677734375,
        "(0.3, 0.7)": 71.77058410644531,
        "(0.4, 0.6)": 67.90296936035156,
        "(0.5, 0.5)": 70.32024383544922,
        "(0.6, 0.4)": 69.4685287475586,
        "(0.7, 0.3)": 70.63465118408203,
        "(0.8, 0.2)": 70.02226257324219,
        "(0.9, 0.1)": 67.55580139160156
    },
    "(6, 7)": {
        "(0.1, 0.9)": 26.696701049804688,
        "(0.2, 0.8)": 27.682415008544922,
        "(0.3, 0.7)": 28.68166732788086,
        "(0.4, 0.6)": 27.293392181396484,
        "(0.5, 0.5)": 27.111770629882812,
        "(0.6, 0.4)": 27.6330623626709,
        "(0.7, 0.3)": 27.680622100830078,
        "(0.8, 0.2)": 28.355138778686523,
        "(0.9, 0.1)": 28.907907485961914
    },
    "(2, 5)": {
        "(0.1, 0.9)": 23.330644607543945,
        "(0.2, 0.8)": 23.045698165893555,
        "(0.3, 0.7)": 23.041269302368164,
        "(0.4, 0.6)": 22.37078285217285,
        "(0.5, 0.5)": 24.471242904663086,
        "(0.6, 0.4)": 22.949970245361328,
        "(0.7, 0.3)": 22.697486877441406,
        "(0.8, 0.2)": 23.21827507019043,
        "(0.9, 0.1)": 23.485427856445312
    },
    "(4, 9)": {
        "(0.1, 0.9)": 38.09108352661133,
        "(0.2, 0.8)": 38.530635833740234,
        "(0.3, 0.7)": 37.0937614440918,
        "(0.4, 0.6)": 37.79020690917969,
        "(0.5, 0.5)": 36.968814849853516,
        "(0.6, 0.4)": 35.925228118896484,
        "(0.7, 0.3)": 37.95602035522461,
        "(0.8, 0.2)": 36.335357666015625,
        "(0.9, 0.1)": 36.67836380004883
    },
    "(7, 9)": {
        "(0.1, 0.9)": 37.673057556152344,
        "(0.2, 0.8)": 39.89937973022461,
        "(0.3, 0.7)": 37.095829010009766,
        "(0.4, 0.6)": 35.849212646484375,
        "(0.5, 0.5)": 36.65406799316406,
        "(0.6, 0.4)": 36.83474349975586,
        "(0.7, 0.3)": 35.558475494384766,
        "(0.8, 0.2)": 37.01836013793945,
        "(0.9, 0.1)": 37.012088775634766
    }
}