{
    "(1, 7)": {
        "(0.1, 0.9)": 75.24463653564453,
        "(0.2, 0.8)": 75.31703186035156,
        "(0.3, 0.7)": 72.12873840332031,
        "(0.4, 0.6)": 75.58435821533203,
        "(0.5, 0.5)": 73.64466857910156,
        "(0.6, 0.4)": 76.45921325683594,
        "(0.7, 0.3)": 75.34233856201172,
        "(0.8, 0.2)": 76.71320343017578,
        "(0.9, 0.1)": 76.8599853515625
    },
    "(6, 7)": {
        "(0.1, 0.9)": 30.39927101135254,
        "(0.2, 0.8)": 29.61808967590332,
        "(0.3, 0.7)": 31.36785316467285,
        "(0.4, 0.6)": 30.47579002380371,
        "(0.5, 0.5)": 30.776660919189453,
        "(0.6, 0.4)": 31.330554962158203,
        "(0.7, 0.3)": 29.871225357055664,
        "(0.8, 0.2)": 29.94756317138672,
        "(0.9, 0.1)": 31.95946502685547
    },
    "(2, 5)": {
        "(0.1, 0.9)": 26.220563888549805,
        "(0.2, 0.8)": 26.383014678955078,
        "(0.3, 0.7)": 26.251129150390625,
        "(0.4, 0.6)": 26.712007522583008,
        "(0.5, 0.5)": 26.531368255615234,
        "(0.6, 0.4)": 27.365821838378906,
        "(0.7, 0.3)": 25.569332122802734,
        "(0.8, 0.2)": 27.20890235900879,
        "(0.9, 0.1)": 26.429840087890625
    },
    "(4, 9)": {
        "(0.1, 0.9)": 41.65970993041992,
        "(0.2, 0.8)": 40.978599548339844,
        "(0.3, 0.7)": 42.200435638427734,
        "(0.4, 0.6)": 43.534912109375,
        "(0.5, 0.5)": 43.71466827392578,
        "(0.6, 0.4)": 42.882347106933594,
        "(0.7, 0.3)": 41.96929168701172,
        "(0.8, 0.2)": 45.048683166503906,
        "(0.9, 0.1)": 41.863529205322266
    },
    "(7, 9)": {
        "(0.1, 0.9)": 39.41437530517578,
        "(0.2, 0.8)": 39.03421401977539,
        "(0.3, 0.7)": 37.613121032714844,
        "(0.4, 0.6)": 39.49688720703125,
        "(0.5, 0.5)": 38.04525375366211,
        "(0.6, 0.4)": 38.94764709472656,
        "(0.7, 0.3)": 41.1622314453125,
        "(0.8, 0.2)": 39.05562973022461,
        "(0.9, 0.1)": 39.54696273803711
    }
}