{
    "(1, 7)": {
        "(0.1, 0.9)": 0.009924348443746567,
        "(0.2, 0.8)": 0.01917598769068718,
        "(0.3, 0.7)": 0.012338154017925262,
        "(0.4, 0.6)": 0.009831072762608528,
        "(0.5, 0.5)": 0.010546802543103695,
        "(0.6, 0.4)": 0.01453708577901125,
        "(0.7, 0.3)": 0.012451620772480965,
        "(0.8, 0.2)": 0.01430246140807867,
        "(0.9, 0.1)": 0.014295496046543121
    },
    "(6, 7)": {
        "(0.1, 0.9)": 0.017048418521881104,
        "(0.2, 0.8)": 0.015154225751757622,
        "(0.3, 0.7)": 0.013839497230947018,
        "(0.4, 0.6)": 0.019673846662044525,
        "(0.5, 0.5)": 0.019684163853526115,
        "(0.6, 0.4)": 0.021649852395057678,
        "(0.7, 0.3)": 0.014231541194021702,
        "(0.8, 0.2)": 0.01485379971563816,
        "(0.9, 0.1)": 0.017235424369573593
    },
    "(2, 5)": {
        "(0.1, 0.9)": 0.020986633375287056,
        "(0.2, 0.8)": 0.025941092520952225,
        "(0.3, 0.7)": 0.02535221166908741,
        "(0.4, 0.6)": 0.024813968688249588,
        "(0.5, 0.5)": 0.026291875168681145,
        "(0.6, 0.4)": 0.019488638266921043,
        "(0.7, 0.3)": 0.02371925674378872,
        "(0.8, 0.2)": 0.022647792473435402,
        "(0.9, 0.1)": 0.020822156220674515
    },
    "(4, 9)": {
        "(0.1, 0.9)": 0.01887824572622776,
        "(0.2, 0.8)": 0.020057357847690582,
        "(0.3, 0.7)": 0.013910071924328804,
        "(0.4, 0.6)": 0.015560219995677471,
        "(0.5, 0.5)": 0.019990451633930206,
        "(0.6, 0.4)": 0.01441132090985775,
        "(0.7, 0.3)": 0.017291931435465813,
        "(0.8, 0.2)": 0.01852443255484104,
        "(0.9, 0.1)": 0.018580647185444832
    },
    "(7, 9)": {
        "(0.1, 0.9)": 0.014878259971737862,
        "(0.2, 0.8)": 0.017862655222415924,
        "(0.3, 0.7)": 0.014572566375136375,
        "(0.4, 0.6)": 0.018892524763941765,
        "(0.5, 0.5)": 0.017207466065883636,
        "(0.6, 0.4)": 0.01572703756392002,
        "(0.7, 0.3)": 0.011011587455868721,
        "(0.8, 0.2)": 0.013976537622511387,
        "(0.9, 0.1)": 0.015164214186370373
    }
}