{
    "(1, 7)": {
        "(0.1, 0.9)": 0.01793648488819599,
        "(0.2, 0.8)": 0.020816508680582047,
        "(0.3, 0.7)": 0.010681499727070332,
        "(0.4, 0.6)": 0.009107569232583046,
        "(0.5, 0.5)": 0.014211920090019703,
        "(0.6, 0.4)": 0.011904947459697723,
        "(0.7, 0.3)": 0.024522945284843445,
        "(0.8, 0.2)": 0.016584957018494606,
        "(0.9, 0.1)": 0.011447789147496223
    },
    "(6, 7)": {
        "(0.1, 0.9)": 0.015899917110800743,
        "(0.2, 0.8)": 0.01258346252143383,
        "(0.3, 0.7)": 0.010519731789827347,
        "(0.4, 0.6)": 0.013967008329927921,
        "(0.5, 0.5)": 0.014349940232932568,
        "(0.6, 0.4)": 0.01886168122291565,
        "(0.7, 0.3)": 0.012817278504371643,
        "(0.8, 0.2)": 0.014255566522479057,
        "(0.9, 0.1)": 0.011750085279345512
    },
    "(2, 5)": {
        "(0.1, 0.9)": 0.02295098826289177,
        "(0.2, 0.8)": 0.020470984280109406,
        "(0.3, 0.7)": 0.01895570196211338,
        "(0.4, 0.6)": 0.0204663947224617,
        "(0.5, 0.5)": 0.021147415041923523,
        "(0.6, 0.4)": 0.0219296682626009,
        "(0.7, 0.3)": 0.024181805551052094,
        "(0.8, 0.2)": 0.024665381759405136,
        "(0.9, 0.1)": 0.024686554446816444
    },
    "(4, 9)": {
        "(0.1, 0.9)": 0.018854089081287384,
        "(0.2, 0.8)": 0.011790292337536812,
        "(0.3, 0.7)": 0.016885410994291306,
        "(0.4, 0.6)": 0.013121734373271465,
        "(0.5, 0.5)": 0.011541945859789848,
        "(0.6, 0.4)": 0.011902855709195137,
        "(0.7, 0.3)": 0.01674455776810646,
        "(0.8, 0.2)": 0.022087177261710167,
        "(0.9, 0.1)": 0.02195531502366066
    },
    "(7, 9)": {
        "(0.1, 0.9)": 0.01236176397651434,
        "(0.2, 0.8)": 0.017238076776266098,
        "(0.3, 0.7)": 0.014151624403893948,
        "(0.4, 0.6)": 0.014736348763108253,
        "(0.5, 0.5)": 0.012853904627263546,
        "(0.6, 0.4)": 0.013628587126731873,
        "(0.7, 0.3)": 0.014501083642244339,
        "(0.8, 0.2)": 0.016510015353560448,
        "(0.9, 0.1)": 0.01556351874023676
    }
}